{"cameraMode":{"drawMode":0,"name":"Shaded","section":"Shading Mode"},"sceneLighting":true,"audioPlay":false,"sceneViewState":{"showFog":false,"showMaterialUpdate":false,"showSkybox":false,"showFlares":false,"showImageEffects":false,"showParticleSystems":false},"in2DMode":false,"pivot":{"x":-25.467803955078126,"y":-68.24677276611328,"z":-95.27565002441406},"rotation":{"x":-0.04283207282423973,"y":0.9415521621704102,"z":-0.30728310346603396,"w":-0.13123323023319245},"size":155.27944946289063,"orthographic":false}