{"cameraMode":{"drawMode":0,"name":"Shaded","section":"Shading Mode"},"sceneLighting":false,"audioPlay":false,"sceneViewState":{"showFog":false,"showMaterialUpdate":false,"showSkybox":false,"showFlares":false,"showImageEffects":false,"showParticleSystems":false},"in2DMode":false,"pivot":{"x":-9.95982551574707,"y":0.06306993961334229,"z":9.933094024658204},"rotation":{"x":-0.13876834511756898,"y":0.8358263373374939,"z":-0.2465212345123291,"w":-0.4704945385456085},"size":21.22382354736328,"orthographic":false}