{"cameraMode":{"drawMode":0,"name":"Shaded","section":"Shading Mode"},"sceneLighting":true,"audioPlay":false,"sceneViewState":{"showFog":false,"showMaterialUpdate":false,"showSkybox":false,"showFlares":false,"showImageEffects":false,"showParticleSystems":false},"in2DMode":false,"pivot":{"x":126.70611572265625,"y":-297.9156799316406,"z":-188.03616333007813},"rotation":{"x":0.12394373118877411,"y":0.8597261309623718,"z":-0.4285948574542999,"w":0.24862724542617799},"size":392.8045654296875,"orthographic":false}