{"cameraMode":{"drawMode":0,"name":"Shaded","section":"Shading Mode"},"sceneLighting":false,"audioPlay":false,"sceneViewState":{"showFog":false,"showMaterialUpdate":false,"showSkybox":false,"showFlares":false,"showImageEffects":false,"showParticleSystems":false},"in2DMode":false,"pivot":{"x":162.5,"y":3.737211227416992,"z":2.67415452003479},"rotation":{"x":0.002530379919335246,"y":0.8881538510322571,"z":-0.4595133364200592,"w":0.004894762299954891},"size":38.272682189941409,"orthographic":false}